Is this from a game? Because I've played something similar before...,2015-05-29 13:20:26,orangepantsu,6
"&gt;I could almost feel like she's sucking me :0

its not even pov &gt;.&gt;",2015-05-29 17:55:45,brandong567,6
"Post the pictures, Leave the weeaboo shit for a different subreddit",2015-05-29 14:05:27,Kamfy,-3
Weeb,2015-05-29 15:17:37,megustaponies2,-21
"Never seen this show, but she's hot. Would totally fuck.",2015-05-29 15:50:44,IAmAHornyHobbit,1
Oh my! Yes! Saber is the best!,2015-05-29 13:57:08,KittiesAndBacon,3
"Who's next? I'd like to see:

• Yui Hirasawa (K-on)

• Ruby Rose (RWBY)

• Rin Tohsaka (Fate)

• Yuka Minase (11eyes)

• Akatsuki (Log Horizon)",2015-05-29 13:59:24,Soarel2,2
If only this were a comic,2015-05-29 09:05:58,tossing_Drag,10
whos the artist?,2015-05-29 09:26:09,scratchmyscrotum,3
[Source](http://www.pixiv.net/member_illust.php?mode=medium&amp;illust_id=50087510),2015-05-29 13:00:43,Simpoh,1
Love the title. Thats fucking hilarious,2015-05-29 17:45:03,thisisthisone,1
the source is from [kakushi dere episode 1](http://hentained.com/kakushi-dere-1-subbed/),2015-05-29 17:41:15,karotoni_92,0
any link to the 1st one?,2015-05-29 02:17:49,thering66,13
"Ok, the guy with the hat, sunglasses and stache *totally* looks like Walter White from Breaking Bad.",2015-05-29 12:47:54,submagden,2
Has this artist ever done any lesbian stuff?,2015-05-29 09:04:11,notathrowayatall,1
"This reminds me of another anime I once saw a while back, can't remember if it was manga or anime, all I remember is it was the complete opposite of this (horror) and this girl had fun ""playing with someone"" (torture) DAMN, I wish I could remember what it was called :/",2015-05-29 01:18:59,DemonWarriorX,0
God I wonder if there's a sub for dark skinned hentai?,2015-05-30 19:23:15,4the-NSFW-me,4
Really well made. 11/10,2015-05-30 15:49:44,RuskeD,2
Artist?,2015-05-30 16:25:33,maniacal_wombat,2
"Fucking love dark elves. If you dont, get out of Morrowind, outlander. Filthy s'wits.",2015-05-30 18:51:01,Soarel2,1
i've always wondered if girls actually like giving blowjob. like i can't even imagine that semen tastes good!?,2015-05-30 17:29:46,crimsonscull,3
"Arist: RiceGnat

Part 1: [Pentakill Sona](https://www.reddit.com/r/hentai/comments/370xy1/pentakill_sona/)",2015-05-30 13:16:31,Vitrii,1
brestia,2015-05-30 18:52:55,Soarel2,1
Yay Hestia!,2015-05-30 19:07:22,DontFindMePls,1
[Commander sexy.](/u/CommanderCooper),2015-05-30 18:53:30,Soarel2,2
any neko/girls with car ears hentai?,2015-05-30 07:55:43,Baboon_229,1
What is this from?,2015-05-30 03:11:06,rgdarkchild,3
this is gonna look so good on my phone! like people won't notice until they take a long look at it.,2015-05-30 06:15:15,kurosiro,2
Wow the pink haired girl must be really fucking thin to fit behind her.,2015-05-30 18:48:35,jago1996,2
lol @ her wearing senketsu,2015-05-31 12:23:46,Elethor,6
I laugh at your pitifully tiny dump http://imgur.com/a/H9pAp#kXzmK1B,2015-05-31 14:10:08,Crocodilefan,5
I love RWBY so damn much. I don't know if i should hate or love you for this post.,2015-05-31 15:06:49,BigHatGwyn,5
"Hey guys, what does RWBY mean?",2015-05-31 15:08:07,DominicHillsun,5
Yes! Thanks so much!,2015-05-31 13:58:56,Soarel2,2
"Interesting timing, I just discovered rwby on Netflix yesterday, watched it all, and got post watching depression. Now I can fap as the next stage of mourning.",2015-05-31 17:58:43,d4haxor,1
"People should stop making hentai of RWBY in my opinion, Monty Oum passed away...",2015-05-31 10:36:54,Geldanen,-10
"But she's 16

I don't care what you guys say, legally it still counts, people have been fined for having child porn on their computer which was Hentai of underage characters",2015-05-31 07:55:30,Hybrid888,-14
Is this from something?,2015-05-31 16:12:50,ToddTheOdd,1
Unblurred?,2015-05-31 18:23:46,ZEBRA_MURDER_1337,1
Isn't that the chick in the sub header?,2015-05-31 15:25:05,Soarel2,4
Yui next please!,2015-05-31 15:25:23,Soarel2,2
Kurumi best girl,2015-05-31 10:21:11,MicrowaveBanana,3
"Hehe, you got that from my album didn't you?",2015-05-31 15:22:39,Soarel2,1
"Also, enterable holes. /u/pantscada",2015-05-31 15:23:45,Soarel2,1
"Downloading as i type this. Seems legit actually. 
Edit: Yup, legit and glorious",2015-05-31 09:31:45,ThrowawaylikesBoobs,6
Anyone wanna upload it to stream for those who fear downloads?,2015-05-31 16:12:31,bleep123,3
Wait so hentais are all uncensored to begin with?!,2015-05-31 16:32:58,unal991,1
This is gold! Resort Boin is one of my favourites!,2015-05-31 16:26:36,doutatsu,1
Anyone know if the first 2 are available uncensored? Thanks.,2015-05-31 17:05:48,OpticalChicken,1
What would you want to see in perfection collection?,2015-05-31 02:37:19,DominicHillsun,3
No argument here,2015-05-31 00:16:34,hardangelfan,1
I love thick girls like this. She is so sexy!,2015-05-31 04:14:30,slutwhore,2
Woo for meatbuns,2015-05-31 07:24:56,JealotGaming,1
Nice,2015-05-31 11:10:24,seavord,1
"Here's an album of gifs

http://minus.com/m7HXXhs9QSScs",2015-05-31 17:12:17,Sirfailboat,3
https://vndb.org/v966,2015-05-31 02:54:00,Osananajimi,1
For science obviously.,2015-05-31 13:26:28,CplToonz,2
